Unnamed: 0,Unnamed: 1,Unnamed: 2,baseMean,log2FoldChange,lfcSE,stat,pvalue,padj,minus_log10_pvalue,regulation,GeneSymbol,Subcategory,GO_Terms,Description
ENSMUSG00000000093,ENSMUSG00000000093,Tbx2,263.6290643,0.540050226,0.164016836,3.292651155,0.000992475,0.003534151,"3,003280281",up,TBX2,smooth muscle cell differentiation,GO:0051145,The process in which a relatively unspecialized cell acquires specialized features of a smooth muscle cell; smooth muscle lacks transverse striations in its constituent fibers and are almost always involuntary.
ENSMUSG00000000489,ENSMUSG00000000489,Pdgfb,338.9506945,-1.344595394,0.321873725,-4.177400298,2.95e-05,0.000173301,"4,530384372",down,PDGFB,smooth muscle cell differentiation,GO:0051145,The process in which a relatively unspecialized cell acquires specialized features of a smooth muscle cell; smooth muscle lacks transverse striations in its constituent fibers and are almost always involuntary.
ENSMUSG00000000567,ENSMUSG00000000567,Sox9,165.7271068,1.047732309,0.237849155,4.405028513,1.06e-05,7.19e-05,"4,97563764",up,SOX9,smooth muscle cell differentiation,GO:0051145,The process in which a relatively unspecialized cell acquires specialized features of a smooth muscle cell; smooth muscle lacks transverse striations in its constituent fibers and are almost always involuntary.
ENSMUSG00000001105,ENSMUSG00000001105,Ift20,221.2634764,-0.891758154,0.151937064,-5.86926013,4.38e-09,7.33e-08,"8,358779633",down,IFT20,striated muscle cell differentiation,GO:0051146,"The process in which a relatively unspecialized cell acquires specialized features of a striated muscle cell; striated muscle fibers are divided by transverse bands into striations, and cardiac and voluntary muscle are types of striated muscle."
ENSMUSG00000001119,ENSMUSG00000001119,Col6a1,2489.334292,-1.236673979,0.294933198,-4.193064691,2.75e-05,0.000163352,"4,560334339",down,COL6A1,striated muscle cell differentiation,GO:0051146,"The process in which a relatively unspecialized cell acquires specialized features of a striated muscle cell; striated muscle fibers are divided by transverse bands into striations, and cardiac and voluntary muscle are types of striated muscle."
ENSMUSG00000001729,ENSMUSG00000001729,Akt1,2934.767719,0.933754514,0.264454994,3.530863602,0.000414205,0.001679117,"3,382784366",up,AKT1,striated muscle cell differentiation,GO:0051146,"The process in which a relatively unspecialized cell acquires specialized features of a striated muscle cell; striated muscle fibers are divided by transverse bands into striations, and cardiac and voluntary muscle are types of striated muscle."
ENSMUSG00000002910,ENSMUSG00000002910,Arrdc2,6387.496107,0.577758412,0.185079692,3.121673725,0.001798261,0.005822511,"2,74514724",up,ARRDC2,striated muscle cell differentiation,GO:0051146,"The process in which a relatively unspecialized cell acquires specialized features of a striated muscle cell; striated muscle fibers are divided by transverse bands into striations, and cardiac and voluntary muscle are types of striated muscle."
ENSMUSG00000009471,ENSMUSG00000009471,Myod1,535.689066,-1.21226831,0.234823248,-5.16247144,2.44e-07,2.66e-06,"6,613125639",down,MYOD1,striated muscle cell differentiation,GO:0051146,"The process in which a relatively unspecialized cell acquires specialized features of a striated muscle cell; striated muscle fibers are divided by transverse bands into striations, and cardiac and voluntary muscle are types of striated muscle."
ENSMUSG00000015605,ENSMUSG00000015605,Srf,3434.216686,-0.521317827,0.080518437,-6.474514979,9.51e-11,2.36e-09,"10,02174197",down,SRF,smooth muscle cell differentiation,GO:0051145,The process in which a relatively unspecialized cell acquires specialized features of a smooth muscle cell; smooth muscle lacks transverse striations in its constituent fibers and are almost always involuntary.
ENSMUSG00000017491,ENSMUSG00000017491,Rarb,171.0636875,-1.4923513,0.216368923,-6.897253453,5.3e-12,1.69e-10,"11,27558039",down,RARB,striated muscle cell differentiation,GO:0051146,"The process in which a relatively unspecialized cell acquires specialized features of a striated muscle cell; striated muscle fibers are divided by transverse bands into striations, and cardiac and voluntary muscle are types of striated muscle."
ENSMUSG00000018217,ENSMUSG00000018217,Pmp22,2355.310943,1.367542429,0.457866135,2.986773482,0.002819385,0.008524304,"2,549845555",up,PMP22,striated muscle cell differentiation,GO:0051146,"The process in which a relatively unspecialized cell acquires specialized features of a striated muscle cell; striated muscle fibers are divided by transverse bands into striations, and cardiac and voluntary muscle are types of striated muscle."
ENSMUSG00000020859,ENSMUSG00000020859,Spag9,8187.232567,0.51985877,0.089246954,5.824946932,5.71e-09,9.16e-08,"8,243130069",up,SPAG9,striated muscle cell differentiation,GO:0051146,"The process in which a relatively unspecialized cell acquires specialized features of a striated muscle cell; striated muscle fibers are divided by transverse bands into striations, and cardiac and voluntary muscle are types of striated muscle."
ENSMUSG00000021200,ENSMUSG00000021200,Asb2,36431.89369,0.847776186,0.104188368,8.1369562,4.05e-16,2.8e-14,"15,39218131",up,ASB2,striated muscle cell differentiation,GO:0051146,"The process in which a relatively unspecialized cell acquires specialized features of a striated muscle cell; striated muscle fibers are divided by transverse bands into striations, and cardiac and voluntary muscle are types of striated muscle."
ENSMUSG00000021835,ENSMUSG00000021835,Bmp4,256.7344894,0.72000835,0.242796057,2.965486172,0.003022049,0.009028781,"2,519698454",up,BMP4,smooth muscle cell differentiation,GO:0051145,The process in which a relatively unspecialized cell acquires specialized features of a smooth muscle cell; smooth muscle lacks transverse striations in its constituent fibers and are almost always involuntary.
ENSMUSG00000021835,ENSMUSG00000021835,Bmp4,256.7344894,0.72000835,0.242796057,2.965486172,0.003022049,0.009028781,"2,519698454",up,BMP4,striated muscle cell differentiation,GO:0051146,"The process in which a relatively unspecialized cell acquires specialized features of a striated muscle cell; striated muscle fibers are divided by transverse bands into striations, and cardiac and voluntary muscle are types of striated muscle."
ENSMUSG00000021868,ENSMUSG00000021868,Ppif,762.1565845,-0.68429358,0.131470134,-5.204935598,1.94e-07,2.19e-06,"6,712055253",down,PPIF,striated muscle cell differentiation,GO:0051146,"The process in which a relatively unspecialized cell acquires specialized features of a striated muscle cell; striated muscle fibers are divided by transverse bands into striations, and cardiac and voluntary muscle are types of striated muscle."
ENSMUSG00000022428,ENSMUSG00000022428,Cby1,213.3829365,-1.073868975,0.160014811,-6.711059857,1.93e-11,5.51e-10,"10,71395731",down,CBY1,striated muscle cell differentiation,GO:0051146,"The process in which a relatively unspecialized cell acquires specialized features of a striated muscle cell; striated muscle fibers are divided by transverse bands into striations, and cardiac and voluntary muscle are types of striated muscle."
ENSMUSG00000022812,ENSMUSG00000022812,Gsk3b,4078.864217,0.820530967,0.220418337,3.722607566,0.000197176,0.000882611,"3,70514625",up,GSK3B,striated muscle cell differentiation,GO:0051146,"The process in which a relatively unspecialized cell acquires specialized features of a striated muscle cell; striated muscle fibers are divided by transverse bands into striations, and cardiac and voluntary muscle are types of striated muscle."
ENSMUSG00000023411,ENSMUSG00000023411,Nfatc4,156.4702267,-0.655267375,0.209297703,-3.130791048,0.001743362,0.005686026,"2,758612539",down,NFATC4,smooth muscle cell differentiation,GO:0051145,The process in which a relatively unspecialized cell acquires specialized features of a smooth muscle cell; smooth muscle lacks transverse striations in its constituent fibers and are almost always involuntary.
ENSMUSG00000024042,ENSMUSG00000024042,Sik1,2894.529747,2.504854106,0.313832942,7.98148878,1.45e-15,9.11e-14,"14,83989561",up,SIK1,striated muscle cell differentiation,GO:0051146,"The process in which a relatively unspecialized cell acquires specialized features of a striated muscle cell; striated muscle fibers are divided by transverse bands into striations, and cardiac and voluntary muscle are types of striated muscle."
ENSMUSG00000024164,ENSMUSG00000024164,C3,3132.592879,0.874418436,0.231864268,3.771251359,0.000162431,0.000749055,"3,789331206",up,C3,smooth muscle cell differentiation,GO:0051145,The process in which a relatively unspecialized cell acquires specialized features of a smooth muscle cell; smooth muscle lacks transverse striations in its constituent fibers and are almost always involuntary.
ENSMUSG00000024168,ENSMUSG00000024168,Tmem204,316.3558953,-1.385531036,0.22292084,-6.215349963,5.12e-10,1.06e-08,"9,290641956",down,TMEM204,smooth muscle cell differentiation,GO:0051145,The process in which a relatively unspecialized cell acquires specialized features of a smooth muscle cell; smooth muscle lacks transverse striations in its constituent fibers and are almost always involuntary.
ENSMUSG00000026185,ENSMUSG00000026185,Igfbp5,17016.81377,-1.581074269,0.442731967,-3.571177114,0.00035538,0.001466798,"3,449306446",down,IGFBP5,striated muscle cell differentiation,GO:0051146,"The process in which a relatively unspecialized cell acquires specialized features of a striated muscle cell; striated muscle fibers are divided by transverse bands into striations, and cardiac and voluntary muscle are types of striated muscle."
ENSMUSG00000026365,ENSMUSG00000026365,Cfh,940.8610681,1.348745234,0.208365197,6.472987111,9.61e-11,2.38e-09,"10,01734824",up,CFH,smooth muscle cell differentiation,GO:0051145,The process in which a relatively unspecialized cell acquires specialized features of a smooth muscle cell; smooth muscle lacks transverse striations in its constituent fibers and are almost always involuntary.
ENSMUSG00000026836,ENSMUSG00000026836,Acvr1,548.4580979,-0.557236591,0.177281951,-3.143222353,0.001670989,0.005481246,"2,777026527",down,ACVR1,smooth muscle cell differentiation,GO:0051145,The process in which a relatively unspecialized cell acquires specialized features of a smooth muscle cell; smooth muscle lacks transverse striations in its constituent fibers and are almost always involuntary.
ENSMUSG00000027470,ENSMUSG00000027470,Mylk2,76079.40418,0.848468944,0.138076997,6.144897127,8e-10,1.61e-08,"9,096826658",up,MYLK2,striated muscle cell differentiation,GO:0051146,"The process in which a relatively unspecialized cell acquires specialized features of a striated muscle cell; striated muscle fibers are divided by transverse bands into striations, and cardiac and voluntary muscle are types of striated muscle."
ENSMUSG00000028414,ENSMUSG00000028414,Fktn,399.8664726,-1.289916172,0.174261146,-7.402201805,1.34e-13,5.63e-12,"12,87307436",down,FKTN,striated muscle cell differentiation,GO:0051146,"The process in which a relatively unspecialized cell acquires specialized features of a striated muscle cell; striated muscle fibers are divided by transverse bands into striations, and cardiac and voluntary muscle are types of striated muscle."
ENSMUSG00000028854,ENSMUSG00000028854,Slc9a1,1102.84849,1.302169957,0.274302624,4.747201966,2.06e-06,1.75e-05,"5,68560609",up,SLC9A1,striated muscle cell differentiation,GO:0051146,"The process in which a relatively unspecialized cell acquires specialized features of a striated muscle cell; striated muscle fibers are divided by transverse bands into striations, and cardiac and voluntary muscle are types of striated muscle."
ENSMUSG00000030067,ENSMUSG00000030067,Foxp1,597.0106274,0.980961081,0.129677306,7.564631886,3.89e-14,1.84e-12,"13,41009001",up,FOXP1,striated muscle cell differentiation,GO:0051146,"The process in which a relatively unspecialized cell acquires specialized features of a striated muscle cell; striated muscle fibers are divided by transverse bands into striations, and cardiac and voluntary muscle are types of striated muscle."
ENSMUSG00000030562,ENSMUSG00000030562,Nox4,114.9230265,1.660424608,0.265109216,6.263171968,3.77e-10,8.06e-09,"9,423400439",up,NOX4,striated muscle cell differentiation,GO:0051146,"The process in which a relatively unspecialized cell acquires specialized features of a striated muscle cell; striated muscle fibers are divided by transverse bands into striations, and cardiac and voluntary muscle are types of striated muscle."
ENSMUSG00000038119,ENSMUSG00000038119,Cdon,497.3715075,-0.507459675,0.142639533,-3.557636968,0.000374206,0.001536298,"3,426889263",down,CDON,striated muscle cell differentiation,GO:0051146,"The process in which a relatively unspecialized cell acquires specialized features of a striated muscle cell; striated muscle fibers are divided by transverse bands into striations, and cardiac and voluntary muscle are types of striated muscle."
ENSMUSG00000051985,ENSMUSG00000051985,Igfn1,906.1573816,1.470195104,0.459347214,3.200618311,0.001371331,0.004631535,"2,862857841",up,IGFN1,striated muscle cell differentiation,GO:0051146,"The process in which a relatively unspecialized cell acquires specialized features of a striated muscle cell; striated muscle fibers are divided by transverse bands into striations, and cardiac and voluntary muscle are types of striated muscle."
ENSMUSG00000061780,ENSMUSG00000061780,Cfd,1168.404008,0.832276271,0.223694503,3.720593304,0.000198755,0.000888697,"3,701681297",up,CFD,smooth muscle cell differentiation,GO:0051145,The process in which a relatively unspecialized cell acquires specialized features of a smooth muscle cell; smooth muscle lacks transverse striations in its constituent fibers and are almost always involuntary.
ENSMUSG00000062694,ENSMUSG00000062694,Cav3,832.6187479,-0.615524609,0.155774535,-3.95138145,7.77e-05,0.000396472,"4,109571377",down,CAV3,striated muscle cell differentiation,GO:0051146,"The process in which a relatively unspecialized cell acquires specialized features of a striated muscle cell; striated muscle fibers are divided by transverse bands into striations, and cardiac and voluntary muscle are types of striated muscle."
ENSMUSG00000063275,ENSMUSG00000063275,Hacd1,700.2733439,-2.026307011,0.210017725,-9.648266646,5.0000000000000005e-22,9.2e-20,"21,3010857",down,HACD1,striated muscle cell differentiation,GO:0051146,"The process in which a relatively unspecialized cell acquires specialized features of a striated muscle cell; striated muscle fibers are divided by transverse bands into striations, and cardiac and voluntary muscle are types of striated muscle."
ENSMUSG00000066406,ENSMUSG00000066406,Akap13,3023.68462,0.683714525,0.124419995,5.495214213,3.9e-08,5.2e-07,"7,408672189",up,AKAP13,striated muscle cell differentiation,GO:0051146,"The process in which a relatively unspecialized cell acquires specialized features of a striated muscle cell; striated muscle fibers are divided by transverse bands into striations, and cardiac and voluntary muscle are types of striated muscle."
